-- MySQL Script generated by MySQL Workbench
-- Qua 23 Mai 2018 20:27:53 -03
-- Model: New Model    Version: 1.0
-- MySQL Workbench Forward Engineering

SET @OLD_UNIQUE_CHECKS=@@UNIQUE_CHECKS, UNIQUE_CHECKS=0;
SET @OLD_FOREIGN_KEY_CHECKS=@@FOREIGN_KEY_CHECKS, FOREIGN_KEY_CHECKS=0;
SET @OLD_SQL_MODE=@@SQL_MODE, SQL_MODE='TRADITIONAL,ALLOW_INVALID_DATES';

-- -----------------------------------------------------
-- Schema engne598_coincoin
-- -----------------------------------------------------

-- -----------------------------------------------------
-- Schema engne598_coincoin
-- -----------------------------------------------------
CREATE SCHEMA IF NOT EXISTS `engne598_coincoin` DEFAULT CHARACTER SET utf8 ;
USE `engne598_coincoin` ;

-- -----------------------------------------------------
-- Table `engne598_coincoin`.`usuarios`
-- -----------------------------------------------------
CREATE TABLE IF NOT EXISTS `engne598_coincoin`.`usuarios` (
  `id` INT NOT NULL AUTO_INCREMENT,
  `nome` VARCHAR(255) NOT NULL,
  `cpf` VARCHAR(14) NOT NULL,
  `email` VARCHAR(255) NOT NULL,
  `telefone` VARCHAR(15) NOT NULL,
  `saldo` DECIMAL(15,2) NOT NULL DEFAULT 0.00,
  `verificado` INT NOT NULL DEFAULT 0 COMMENT '0 - Não Verificado |\n1 - Verificado |\n2 - Excluído',
  `imagem` VARCHAR(255) NULL DEFAULT 'default_image.jpg',
  `privilegio` INT NOT NULL DEFAULT 0 COMMENT '0 - usuario |\n1 - lojista |\n2 - admin',
  `create` TIMESTAMP NOT NULL DEFAULT CURRENT_TIMESTAMP,
  `hash` VARCHAR(255) NOT NULL,
  PRIMARY KEY (`id`),
  UNIQUE INDEX `cpf_UNIQUE` (`cpf` ASC),
  UNIQUE INDEX `email_UNIQUE` (`email` ASC))
ENGINE = InnoDB;


-- -----------------------------------------------------
-- Table `engne598_coincoin`.`tokens`
-- -----------------------------------------------------
CREATE TABLE IF NOT EXISTS `engne598_coincoin`.`tokens` (
  `id` INT NOT NULL AUTO_INCREMENT,
  `data_expiracao` TIMESTAMP NULL,
  `token` VARCHAR(45) NULL,
  `usuarios_id` INT NOT NULL,
  PRIMARY KEY (`id`),
  INDEX `fk_tokens_usuarios1_idx` (`usuarios_id` ASC),
  CONSTRAINT `fk_tokens_usuarios1`
    FOREIGN KEY (`usuarios_id`)
    REFERENCES `engne598_coincoin`.`usuarios` (`id`)
    ON DELETE NO ACTION
    ON UPDATE NO ACTION)
ENGINE = InnoDB;


-- -----------------------------------------------------
-- Table `engne598_coincoin`.`estabelecimentos`
-- -----------------------------------------------------
CREATE TABLE IF NOT EXISTS `engne598_coincoin`.`estabelecimentos` (
  `id` INT NOT NULL AUTO_INCREMENT,
  `tipo` VARCHAR(255) NULL,
  `status` INT NULL DEFAULT 1 COMMENT '0 - Inabilitado\n1- Habilitado',
  PRIMARY KEY (`id`))
ENGINE = InnoDB;


-- -----------------------------------------------------
-- Table `engne598_coincoin`.`promocoes`
-- -----------------------------------------------------
CREATE TABLE IF NOT EXISTS `engne598_coincoin`.`promocoes` (
  `id` INT NOT NULL AUTO_INCREMENT,
  `porcentagem` VARCHAR(45) NULL,
  `data_expiracao` TIMESTAMP NULL,
  `ativo` INT NULL,
  `usuarios_id` INT NOT NULL,
  PRIMARY KEY (`id`),
  INDEX `fk_promocoes_usuarios1_idx` (`usuarios_id` ASC),
  CONSTRAINT `fk_promocoes_usuarios1`
    FOREIGN KEY (`usuarios_id`)
    REFERENCES `engne598_coincoin`.`usuarios` (`id`)
    ON DELETE NO ACTION
    ON UPDATE NO ACTION)
ENGINE = InnoDB;


-- -----------------------------------------------------
-- Table `engne598_coincoin`.`transacoes`
-- -----------------------------------------------------
CREATE TABLE IF NOT EXISTS `engne598_coincoin`.`transacoes` (
  `id` INT NOT NULL AUTO_INCREMENT,
  `id_user_origem` INT NOT NULL,
  `id_user_destino` INT NOT NULL,
  `valor` DECIMAL(15,2) NOT NULL,
  `data` TIMESTAMP NOT NULL,
  `total_antes` DECIMAL(15,2) NULL,
  `total_depois` DECIMAL(15,2) NULL,
  PRIMARY KEY (`id`))
ENGINE = InnoDB;


-- -----------------------------------------------------
-- Table `engne598_coincoin`.`endereco`
-- -----------------------------------------------------
CREATE TABLE IF NOT EXISTS `engne598_coincoin`.`endereco` (
  `usuarios_id` INT NOT NULL,
  `cep` VARCHAR(9) NULL,
  `cidade` VARCHAR(100) NULL,
  `estado` VARCHAR(2) NULL,
  `complemento` VARCHAR(255) NULL,
  `logradouro` VARCHAR(255) NULL,
  `numero` VARCHAR(5) NULL,
  `lat` VARCHAR(45) NULL,
  `lng` VARCHAR(45) NULL,
  PRIMARY KEY (`usuarios_id`),
  CONSTRAINT `fk_endereco_usuarios1`
    FOREIGN KEY (`usuarios_id`)
    REFERENCES `engne598_coincoin`.`usuarios` (`id`)
    ON DELETE NO ACTION
    ON UPDATE NO ACTION)
ENGINE = InnoDB;


-- -----------------------------------------------------
-- Table `engne598_coincoin`.`banco`
-- -----------------------------------------------------
CREATE TABLE IF NOT EXISTS `engne598_coincoin`.`banco` (
  `usuarios_id` INT NOT NULL,
  `banco` VARCHAR(255) NULL,
  `agencia` VARCHAR(255) NULL,
  `conta` VARCHAR(255) NULL,
  PRIMARY KEY (`usuarios_id`),
  CONSTRAINT `fk_banco_usuarios1`
    FOREIGN KEY (`usuarios_id`)
    REFERENCES `engne598_coincoin`.`usuarios` (`id`)
    ON DELETE NO ACTION
    ON UPDATE NO ACTION)
ENGINE = InnoDB;


-- -----------------------------------------------------
-- Table `engne598_coincoin`.`loja`
-- -----------------------------------------------------
CREATE TABLE IF NOT EXISTS `engne598_coincoin`.`loja` (
  `usuarios_id` INT NOT NULL,
  `cnpj` VARCHAR(18) NOT NULL,
  `nome_est` VARCHAR(255) NULL,
  `descricao` TEXT NULL,
  `telefone_est` VARCHAR(15) NOT NULL,
  `imagem_perfil` VARCHAR(50) NULL DEFAULT 'default_image.jpg',
  `imagem_capa` VARCHAR(50) NULL DEFAULT 'default_image.jpg',
  `promocao` INT NULL,
  `estabelecimentos_id` INT NOT NULL,
  `lat` VARCHAR(45) NULL,
  `long` VARCHAR(45) NULL,
  PRIMARY KEY (`usuarios_id`, `cnpj`),
  INDEX `fk_loja_estabelecimentos1_idx` (`estabelecimentos_id` ASC),
  INDEX `fk_loja_usuarios1_idx` (`usuarios_id` ASC),
  CONSTRAINT `fk_loja_estabelecimentos1`
    FOREIGN KEY (`estabelecimentos_id`)
    REFERENCES `engne598_coincoin`.`estabelecimentos` (`id`)
    ON DELETE NO ACTION
    ON UPDATE NO ACTION,
  CONSTRAINT `fk_loja_usuarios1`
    FOREIGN KEY (`usuarios_id`)
    REFERENCES `engne598_coincoin`.`usuarios` (`id`)
    ON DELETE NO ACTION
    ON UPDATE NO ACTION)
ENGINE = InnoDB;


SET SQL_MODE=@OLD_SQL_MODE;
SET FOREIGN_KEY_CHECKS=@OLD_FOREIGN_KEY_CHECKS;
SET UNIQUE_CHECKS=@OLD_UNIQUE_CHECKS;




INSERT INTO `engne598_coincoin`.`usuarios` (`id`, `nome`, `cpf`, `email`, `telefone`, `saldo`, `verificado`, `imagem`, `privilegio`, `create`, `hash`) VALUES
(1, 'Phelipe Resende', '103.463.536-02', 'phelipeuni@gmail.com', '(12) 22222-2222', '1000.00', 1, 'default_image.jpg', 2, '2018-02-21 00:11:45', '$2y$10$So42FM6LdPfTe9aExfvCg.gr1z7l1F1a2JGXSf9BWHs75s0UBOdCe'),
(2, 'Tales', '064.927.791-00-01', 'adr.tales@gmail.com', '(12) 22222-2222', '1000.00', 1, 'default_image.jpg', 0, '2018-02-21 00:11:45', '$2y$10$So42FM6LdPfTe9aExfvCg.gr1z7l1F1a2JGXSf9BWHs75s0UBOdCe'),
(4, 'Eu', '324.147.653-72', 'euzinho@gmail.com', '(12) 6666-3211', '2.00', 1, 'default_image.jpg', 0, '2018-02-21 00:11:45', '$2y$10$So42FM6LdPfTe9aExfvCg.gr1z7l1F1a2JGXSf9BWHs75s0UBOdCe'),
(5, 'Top', '860.123.129-20', 'meninotop@gmail.com', '(12) 6664-3211', '200.00', 1, 'default_image.jpg', 0, '2018-02-21 00:11:45', '$2y$10$So42FM6LdPfTe9aExfvCg.gr1z7l1F1a2JGXSf9BWHs75s0UBOdCe'),
(7, 'Edson Pai Minstsu', '241.211.249-52', 'pactocomodiabo@gmail.com', '(12) 6667-3211', '666.00', 1, 'default_image.jpg', 0, '2018-02-21 00:11:45', '$2y$10$So42FM6LdPfTe9aExfvCg.gr1z7l1F1a2JGXSf9BWHs75s0UBOdCe'),
(8, 'Porra', '659.275.526-17', 'quaseumacrianca@gmail.com', '(12) 6612-3211', '10.00', 1, 'default_image.jpg', 0, '2018-02-21 00:11:45', '$2y$10$So42FM6LdPfTe9aExfvCg.gr1z7l1F1a2JGXSf9BWHs75s0UBOdCe'),
(9, 'Concentro', '695.952.359-11', 'cnacasf@gmail.com', '(12) 6212-3211', '0.00', 0, 'default_image.jpg', 0, '2018-02-21 00:11:45', '$2y$10$So42FM6LdPfTe9aExfvCg.gr1z7l1F1a2JGXSf9BWHs75s0UBOdCe'),
(12, 'Nao Tenho Ideia De Nome', '356.978.546-76', 'seila@gmail.com', '(12) 7234-1231', '500.00', 1, 'default_image.jpg', 0, '2018-02-21 00:11:45', '$2y$10$So42FM6LdPfTe9aExfvCg.gr1z7l1F1a2JGXSf9BWHs75s0UBOdCe'),
(13, 'Cafe', '576.143.622-17', 'cafe@gmail.com', '(12) 7211-1231', '127.00', 1, 'default_image.jpg', 0, '2018-02-21 00:11:45', '$2y$10$So42FM6LdPfTe9aExfvCg.gr1z7l1F1a2JGXSf9BWHs75s0UBOdCe'),
(14, 'Quero Cafe', '216.395.445-50', 'quecafe@gmail.com', '(12) 7211-1221', '18.00', 1, 'default_image.jpg', 0, '2018-02-21 00:11:45', '$2y$10$So42FM6LdPfTe9aExfvCg.gr1z7l1F1a2JGXSf9BWHs75s0UBOdCe'),
(16, 'Cheira Po', '387.116.810-63', 'viciado@gmail.com', '(12) 4511-1221', '0.10', 1, 'default_image.jpg', 0, '2018-02-21 00:11:45', '$2y$10$So42FM6LdPfTe9aExfvCg.gr1z7l1F1a2JGXSf9BWHs75s0UBOdCe'),
(18, 'Irineu', '963.733.382-74', 'irineuzera@gmail.com', '(12) 3516-1229', '450.00', 1, 'default_image.jpg', 0, '2018-02-21 00:11:45', '$2y$10$So42FM6LdPfTe9aExfvCg.gr1z7l1F1a2JGXSf9BWHs75s0UBOdCe'),
(19, 'Vc Nao Sabe', '430.602.863-10', 'vcnsb@gmail.com', '(12) 3516-1759', '0.00', 0, 'default_image.jpg', 0, '2018-02-21 00:11:45', '$2y$10$So42FM6LdPfTe9aExfvCg.gr1z7l1F1a2JGXSf9BWHs75s0UBOdCe'),
(20, 'Nem Eu', '848.343.956-50', 'nemeu@gmail.com', '(12) 3516-1759', '98.17', 1, 'default_image.jpg', 0, '2018-02-21 00:11:45', '$2y$10$So42FM6LdPfTe9aExfvCg.gr1z7l1F1a2JGXSf9BWHs75s0UBOdCe'),
(21, 'Nao Tinha Medo', '092.435.365-16', 'ntmedo@gmail.com', '(61) 3517-1759', '100.72', 1, 'default_image.jpg', 0, '2018-02-21 00:11:45', '$2y$10$So42FM6LdPfTe9aExfvCg.gr1z7l1F1a2JGXSf9BWHs75s0UBOdCe'),
(22, 'O Tal Joao', '981.881.566-12', 'taljoao@gmail.com', '(61) 3007-1759', '70.93', 1, 'default_image.jpg', 0, '2018-02-21 00:11:45', '$2y$10$So42FM6LdPfTe9aExfvCg.gr1z7l1F1a2JGXSf9BWHs75s0UBOdCe'),
(24, 'Era O Que', '073.271.082-03', 'eroque@gmail.com', '(61) 3012-1119', '45.00', 1, 'default_image.jpg', 0, '2018-02-21 00:11:45', '$2y$10$So42FM6LdPfTe9aExfvCg.gr1z7l1F1a2JGXSf9BWHs75s0UBOdCe'),
(27, 'Se Perdeu', '990.573.442-20', 'seperdeu@gmail.com', '(61) 3532-1221', '12.00', 1, 'default_image.jpg', 0, '2018-02-21 00:11:45', '$2y$10$So42FM6LdPfTe9aExfvCg.gr1z7l1F1a2JGXSf9BWHs75s0UBOdCe'),
(28, 'Deixou Pra Tras', '268.931.848-24', 'deixou@gmail.com', '(61) 4532-1221', '0.00', 1, 'default_image.jpg', 0, '2018-02-21 00:11:45', '$2y$10$So42FM6LdPfTe9aExfvCg.gr1z7l1F1a2JGXSf9BWHs75s0UBOdCe'),
(29, 'Todo Marasmo', '365.789.823-96', 'todoele@gmail.com', '(61) 4532-1221', '0.00', 1, 'default_image.jpg', 0, '2018-02-21 00:11:45', '$2y$10$So42FM6LdPfTe9aExfvCg.gr1z7l1F1a2JGXSf9BWHs75s0UBOdCe'),
(31, 'So Pra Sentir', '743.307.085-07', 'sentirmesmo@gmail.com', '(61) 3457-1759', '130.40', 1, 'default_image.jpg', 0, '2018-02-21 00:11:45', '$2y$10$So42FM6LdPfTe9aExfvCg.gr1z7l1F1a2JGXSf9BWHs75s0UBOdCe'),
(32, 'No Seu Sangue', '386.596.626-87', 'lanosangue@gmail.com', '(61) 3027-1759', '70.93', 1, 'default_image.jpg', 0, '2018-02-21 00:11:45', '$2y$10$So42FM6LdPfTe9aExfvCg.gr1z7l1F1a2JGXSf9BWHs75s0UBOdCe'),
(33, 'O Odio Que', '916.397.210-70', 'odiador@gmail.com', '(61) 3592-1759', '1345.00', 1, 'default_image.jpg', 0, '2018-02-21 00:11:45', '$2y$10$So42FM6LdPfTe9aExfvCg.gr1z7l1F1a2JGXSf9BWHs75s0UBOdCe'),
(34, 'Jesus', '576.813.124-80', 'painho@gmail.com', '(61) 3892-1119', '89.00', 1, 'default_image.jpg', 0, '2018-02-21 00:11:45', '$2y$10$So42FM6LdPfTe9aExfvCg.gr1z7l1F1a2JGXSf9BWHs75s0UBOdCe'),
(38, 'Dezenove', '161.572.717-52', 'uhuuu@gmail.com', '(61) 4578-1221', '10.00', 1, 'default_image.jpg', 0, '2018-02-21 00:11:45', '$2y$10$So42FM6LdPfTe9aExfvCg.gr1z7l1F1a2JGXSf9BWHs75s0UBOdCe'),
(39, 'E Noventa', '538.883.654-14', 'taacabando@gmail.com', '(61) 7732-1221', '89.00', 1, 'default_image.jpg', 0, '2018-02-21 00:11:45', '$2y$10$So42FM6LdPfTe9aExfvCg.gr1z7l1F1a2JGXSf9BWHs75s0UBOdCe'),
(40, 'Cansei Disso', '336.113.562-12', 'barraquit@gmail.com', '(61) 4586-1341', '230.00', 1, 'default_image.jpg', 0, '2018-02-21 00:11:45', '$2y$10$So42FM6LdPfTe9aExfvCg.gr1z7l1F1a2JGXSf9BWHs75s0UBOdCe'),
(41, 'Resolvi Continuar', '657.156.627-37', 'boraporra@gmail.com', '(61) 3127-1759', '10.40', 1, 'default_image.jpg', 0, '2018-02-21 00:11:45', '$2y$10$So42FM6LdPfTe9aExfvCg.gr1z7l1F1a2JGXSf9BWHs75s0UBOdCe'),
(44, 'Bond', '982.492.144-39', 'jaminho@gmail.com', '(61) 9927-4690', '19.93', 1, 'default_image.jpg', 0, '2018-02-21 00:11:45', '$2y$10$So42FM6LdPfTe9aExfvCg.gr1z7l1F1a2JGXSf9BWHs75s0UBOdCe'),
(45, 'James Bond', '747.794.062-18', 'bondinho@gmail.com', '(61) 9989-4690', '4.15', 1, 'default_image.jpg', 0, '2018-02-21 00:11:45', '$2y$10$So42FM6LdPfTe9aExfvCg.gr1z7l1F1a2JGXSf9BWHs75s0UBOdCe'),
(47, 'Muito Pouco', '756.703.865-07', 'tamoindo@gmail.com', '(61) 9679-4690', '234.56', 1, 'default_image.jpg', 0, '2018-02-21 00:11:45', '$2y$10$So42FM6LdPfTe9aExfvCg.gr1z7l1F1a2JGXSf9BWHs75s0UBOdCe'),
(48, 'Continue A Nadar', '453.314.086-64', 'dory@gmail.com', '(61) 9680-4690', '987.56', 1, 'default_image.jpg', 0, '2018-02-21 00:11:45', '$2y$10$So42FM6LdPfTe9aExfvCg.gr1z7l1F1a2JGXSf9BWHs75s0UBOdCe'),
(49, 'E Se Lembre', '547.097.912-10', 'remember@gmail.com', '(61) 9690-4690', '98.56', 1, 'default_image.jpg', 0, '2018-02-21 00:11:45', '$2y$10$So42FM6LdPfTe9aExfvCg.gr1z7l1F1a2JGXSf9BWHs75s0UBOdCe'),
(50, 'João Vítor', '007.926.641-08', 'queirozbragajv@@gmail.com', '(61) 9319-6494', '77.77', 1, 'default_image.jpg', 0, '2018-02-21 00:11:45', '$2y$10$So42FM6LdPfTe9aExfvCg.gr1z7l1F1a2JGXSf9BWHs75s0UBOdCe'),
(52, 'Rafaela Cabeluda', '578.527.310-15', 'rafacabelo@gmail.com', '(61) 1111-1111', '78.89', 1, 'default_image.jpg', 0, '2018-02-21 00:11:45', '$2y$10$So42FM6LdPfTe9aExfvCg.gr1z7l1F1a2JGXSf9BWHs75s0UBOdCe'),
(53, 'Gustavo Mano', '283.301.560-79', 'mitogus@gmail.com', '(61) 2222-2222', '47.73', 1, 'default_image.jpg', 0, '2018-02-21 00:11:45', '$2y$10$So42FM6LdPfTe9aExfvCg.gr1z7l1F1a2JGXSf9BWHs75s0UBOdCe'),
(55, 'Daniel V8', '623.815.070-00', 'catudoamor@gmail.com', '(61) 3333-4690', '87.73', 1, 'default_image.jpg', 0, '2018-02-21 00:11:45', '$2y$10$So42FM6LdPfTe9aExfvCg.gr1z7l1F1a2JGXSf9BWHs75s0UBOdCe'),
(56, 'Samuel Mito da Elétrica', '669.721.840-10', 'samitoENE@gmail.com', '(61) 4444-4690', '27.73', 1, 'default_image.jpg', 0, '2018-02-21 00:11:45', '$2y$10$So42FM6LdPfTe9aExfvCg.gr1z7l1F1a2JGXSf9BWHs75s0UBOdCe'),
(58, 'Carlos Júnior', '973.280.660-59', 'carlosjr@gmail.com', '(61) 9687-5555', '17.87', 1, 'default_image.jpg', 0, '2018-02-21 00:11:45', '$2y$10$So42FM6LdPfTe9aExfvCg.gr1z7l1F1a2JGXSf9BWHs75s0UBOdCe'),
(59, 'Pavel Migué', '386.690.040-62', 'ialSS@gmail.com', '(61) 5555-4690', '57.43', 1, 'default_image.jpg', 0, '2018-02-21 00:11:45', '$2y$10$So42FM6LdPfTe9aExfvCg.gr1z7l1F1a2JGXSf9BWHs75s0UBOdCe'),
(60, 'Junior DF', '856.826.090-00', 'dfjunior@gmail.com', '(62) 9687-4690', '77.73', 1, 'default_image.jpg', 0, '2018-02-21 00:11:45', '$2y$10$So42FM6LdPfTe9aExfvCg.gr1z7l1F1a2JGXSf9BWHs75s0UBOdCe'),
(61, 'Dançando na Chuva', '194.396.330-42', 'raindance@gmail.com', '(61) 1212-1212', '12.21', 1, 'default_image.jpg', 0, '2018-02-21 00:11:45', '$2y$10$So42FM6LdPfTe9aExfvCg.gr1z7l1F1a2JGXSf9BWHs75s0UBOdCe'),
(65, 'Mortal Kombat', '878.237.690-50', 'katana@gmail.com', '(61) 2020-2020', '77.20', 1, 'default_image.jpg', 0, '2018-02-21 00:11:45', '$2y$10$So42FM6LdPfTe9aExfvCg.gr1z7l1F1a2JGXSf9BWHs75s0UBOdCe'),
(66, 'Cristiano Ronaldo', '564.537.080-51', 'cr7mito@gmail.com', '(61) 2121-2222', '22.45', 1, 'default_image.jpg', 0, '2018-02-21 00:11:45', '$2y$10$So42FM6LdPfTe9aExfvCg.gr1z7l1F1a2JGXSf9BWHs75s0UBOdCe'),
(67, 'Lionel Messi', '401.507.670-21', 'messimito@gmail.com', '(61) 9687-4689', '555.55', 1, 'default_image.jpg', 0, '2018-02-21 00:11:45', '$2y$10$So42FM6LdPfTe9aExfvCg.gr1z7l1F1a2JGXSf9BWHs75s0UBOdCe'),
(68, 'Neymar Júnior', '188.924.880-07', 'neymito@gmail.com', '(61) 4545-4545', '48.73', 1, 'default_image.jpg', 0, '2018-02-21 00:11:45', '$2y$10$So42FM6LdPfTe9aExfvCg.gr1z7l1F1a2JGXSf9BWHs75s0UBOdCe'),
(70, 'Gino e Geno', '921.715.940-98', 'sertanejoraiz@gmail.com', '(61) 8684-4690', '22.46', 1, 'default_image.jpg', 0, '2018-02-21 00:11:45', '$2y$10$So42FM6LdPfTe9aExfvCg.gr1z7l1F1a2JGXSf9BWHs75s0UBOdCe'),
(71, 'Alexis Sanchez', '901.948.520-24', 'alsc@gmail.com', '(61) 9977-7799', '25.00', 1, 'default_image.jpg', 0, '2018-02-21 00:11:45', '$2y$10$So42FM6LdPfTe9aExfvCg.gr1z7l1F1a2JGXSf9BWHs75s0UBOdCe'),
(73, 'Tinga Ney', '571.716.270-71', 'neytinga@gmail.com', '(61) 0100-1010', '89.45', 1, 'default_image.jpg', 0, '2018-02-21 00:11:45', '$2y$10$So42FM6LdPfTe9aExfvCg.gr1z7l1F1a2JGXSf9BWHs75s0UBOdCe'),
(74, 'Game of Thrones', '945.728.570-08', 'vaijoaodasneves@gmail.com', '(61) 9696-6969', '69.96', 1, 'default_image.jpg', 0, '2018-02-21 00:11:45', '$2y$10$So42FM6LdPfTe9aExfvCg.gr1z7l1F1a2JGXSf9BWHs75s0UBOdCe'),
(76, 'Com Grander Poderes Vem Grandes Nomes', '783.186.746-50', 'tiobenedito@gmail.com', '(61) 9687-4690', '18.56', 1, 'default_image.jpg', 0, '2018-02-21 00:11:45', '$2y$10$So42FM6LdPfTe9aExfvCg.gr1z7l1F1a2JGXSf9BWHs75s0UBOdCe'),
(77, 'Dark', '108.427.990-87', 'escuro@gmail.com', '(61) 2323-4690', '77.22', 1, 'default_image.jpg', 0, '2018-02-21 00:11:45', '$2y$10$So42FM6LdPfTe9aExfvCg.gr1z7l1F1a2JGXSf9BWHs75s0UBOdCe'),
(78, 'White', '293.713.620-65', 'claro@gmail.com', '(61) 7117-4690', '77.23', 1, 'default_image.jpg', 0, '2018-02-21 00:11:45', '$2y$10$So42FM6LdPfTe9aExfvCg.gr1z7l1F1a2JGXSf9BWHs75s0UBOdCe'),
(80, 'Black', '982.480.690-36', 'trevoso@gmail.com', '(61) 9687-7456', '78.25', 1, 'default_image.jpg', 0, '2018-02-21 00:11:45', '$2y$10$So42FM6LdPfTe9aExfvCg.gr1z7l1F1a2JGXSf9BWHs75s0UBOdCe'),
(81, 'Blue', '530.188.820-08', 'azul@gmail.com', '(61) 9687-9292', '75.26', 1, 'default_image.jpg', 0, '2018-02-21 00:11:45', '$2y$10$So42FM6LdPfTe9aExfvCg.gr1z7l1F1a2JGXSf9BWHs75s0UBOdCe'),
(83, 'Yellow', '457.210.920-68', 'marelo@gmail.com', '(61) 9687-9494', '82.28', 1, 'default_image.jpg', 0, '2018-02-21 00:11:45', '$2y$10$So42FM6LdPfTe9aExfvCg.gr1z7l1F1a2JGXSf9BWHs75s0UBOdCe'),
(84, 'Brown', '993.002.500-60', 'marrozin@gmail.com', '(61) 9687-9595', '12.73', 1, 'default_image.jpg', 0, '2018-02-21 00:11:45', '$2y$10$So42FM6LdPfTe9aExfvCg.gr1z7l1F1a2JGXSf9BWHs75s0UBOdCe'),
(85, 'John', '079.736.130-80', 'joao@gmail.com', '(61) 9688-2323', '23.88', 1, 'default_image.jpg', 0, '2018-02-21 00:11:45', '$2y$10$So42FM6LdPfTe9aExfvCg.gr1z7l1F1a2JGXSf9BWHs75s0UBOdCe'),
(86, 'Silver', '431.235.490-11', 'prateado@gmail.com', '(61) 9687-8756', '5.73', 1, 'default_image.jpg', 0, '2018-02-21 00:11:45', '$2y$10$So42FM6LdPfTe9aExfvCg.gr1z7l1F1a2JGXSf9BWHs75s0UBOdCe'),
(87, 'Gold', '526.938.070-69', 'dourado@gmail.com', '(61) 9687-6769', '45.73', 1, 'default_image.jpg', 0, '2018-02-21 00:11:45', '$2y$10$So42FM6LdPfTe9aExfvCg.gr1z7l1F1a2JGXSf9BWHs75s0UBOdCe'),
(88, 'Picachu', '364.544.380-07', 'pokemon@gmail.com', '(61) 6952-4690', '55.25', 1, 'default_image.jpg', 0, '2018-02-21 00:11:45', '$2y$10$So42FM6LdPfTe9aExfvCg.gr1z7l1F1a2JGXSf9BWHs75s0UBOdCe'),
(89, 'Blastoise', '290.776.120-09', 'agua3@gmail.com', '(61) 4041-4690', '31.12', 1, 'default_image.jpg', 0, '2018-02-21 00:11:45', '$2y$10$So42FM6LdPfTe9aExfvCg.gr1z7l1F1a2JGXSf9BWHs75s0UBOdCe'),
(90, 'Squirtle', '287.578.150-20', 'agua1@gmail.com', '(61) 4243-4690', '74.53', 1, 'default_image.jpg', 0, '2018-02-21 00:11:45', '$2y$10$So42FM6LdPfTe9aExfvCg.gr1z7l1F1a2JGXSf9BWHs75s0UBOdCe'),
(91, 'Bubasauro', '047.839.370-95', 'terra1@gmail.com', '(61) 4445-4690', '77.86', 1, 'default_image.jpg', 0, '2018-02-21 00:11:45', '$2y$10$So42FM6LdPfTe9aExfvCg.gr1z7l1F1a2JGXSf9BWHs75s0UBOdCe'),
(92, 'Naruto Usumaki', '802.191.670-28', 'ninja@gmail.com', '(61) 4647-5090', '11.73', 1, 'default_image.jpg', 0, '2018-02-21 00:11:45', '$2y$10$So42FM6LdPfTe9aExfvCg.gr1z7l1F1a2JGXSf9BWHs75s0UBOdCe'),
(95, 'Timão e Pumba', '307.830.660-74', 'hakunamatata@gmail.com', '(61) 9687-0303', '14.73', 1, 'default_image.jpg', 0, '2018-02-21 00:11:45', '$2y$10$So42FM6LdPfTe9aExfvCg.gr1z7l1F1a2JGXSf9BWHs75s0UBOdCe'),
(96, 'Jenoflexos', '439.750.480-69', 'dejoelhos@gmail.com', '(61) 9687-0404', '161.73', 1, 'default_image.jpg', 0, '2018-02-21 00:11:45', '$2y$10$So42FM6LdPfTe9aExfvCg.gr1z7l1F1a2JGXSf9BWHs75s0UBOdCe'),
(97, 'Fome', '216.947.140-55', 'come@gmail.com', '(61) 9687-0505', '200.73', 1, 'default_image.jpg', 0, '2018-02-21 00:11:45', '$2y$10$So42FM6LdPfTe9aExfvCg.gr1z7l1F1a2JGXSf9BWHs75s0UBOdCe'),
(98, 'Sono', '234.515.690-27', 'dorme@gmail.com', '(61) 9687-0600', '201.73', 1, 'default_image.jpg', 0, '2018-02-21 00:11:45', '$2y$10$So42FM6LdPfTe9aExfvCg.gr1z7l1F1a2JGXSf9BWHs75s0UBOdCe'),
(100, 'Phelipe Mito', '146.943.990-55', 'mitophelipe@gmail.com', '(61) 4546-0101', '10.10', 1, 'default_image.jpg', 0, '2018-02-21 00:11:45', '$2y$10$So42FM6LdPfTe9aExfvCg.gr1z7l1F1a2JGXSf9BWHs75s0UBOdCe'),

-- Lojistas

(3, 'Pt', '377.135.816-77', 'pt@gmail.com', '(12) 3422-3211', '0.00', 0, 'default_image.jpg', 1, '2018-02-21 00:11:45', '$2y$10$So42FM6LdPfTe9aExfvCg.gr1z7l1F1a2JGXSf9BWHs75s0UBOdCe'),
(6, 'Bonecao Da Ceilandia', '831.513.434-57', 'mlkloko@gmail.com', '(12) 6636-3211', '1000.00', 1, 'default_image.jpg', 1, '2018-02-21 00:11:45', '$2y$10$So42FM6LdPfTe9aExfvCg.gr1z7l1F1a2JGXSf9BWHs75s0UBOdCe'),
(10, 'Brasil Junior', '361.153.454-48', 'bjbj@gmail.com', '(12) 6212-1231', '1120.00', 1, 'default_image.jpg', 1, '2018-02-21 00:11:45', '$2y$10$So42FM6LdPfTe9aExfvCg.gr1z7l1F1a2JGXSf9BWHs75s0UBOdCe'),
(11, 'Engnet', '431.166.382-09', 'engnet@gmail.com', '(12) 7212-1231', '65000.00', 1, 'default_image.jpg', 1, '2018-02-21 00:11:45', '$2y$10$So42FM6LdPfTe9aExfvCg.gr1z7l1F1a2JGXSf9BWHs75s0UBOdCe'),
(15, 'Mw', '557.132.657-30', 'wme@gmail.com', '(12) 2111-1221', '18034.00', 1, 'default_image.jpg', 1, '2018-02-21 00:11:45', '$2y$10$So42FM6LdPfTe9aExfvCg.gr1z7l1F1a2JGXSf9BWHs75s0UBOdCe'),
(17, 'Proerd', '844.884.156-52', 'aquiepulica@gmail.com', '(12) 3511-1229', '0.00', 0, 'default_image.jpg', 1, '2018-02-21 00:11:45', '$2y$10$So42FM6LdPfTe9aExfvCg.gr1z7l1F1a2JGXSf9BWHs75s0UBOdCe'),
(23, 'De Santo Cristo', '543.548.285-29', 'dscristo@gmail.com', '(61) 3012-1759', '45.00', 1, 'default_image.jpg', 1, '2018-02-21 00:11:45', '$2y$10$So42FM6LdPfTe9aExfvCg.gr1z7l1F1a2JGXSf9BWHs75s0UBOdCe'),
(25, 'Todos Diziam', '369.961.437-99', 'todosdiziam@gmail.com', '(61) 3332-1119', '4125.00', 1, 'default_image.jpg', 1, '2018-02-21 00:11:45', '$2y$10$So42FM6LdPfTe9aExfvCg.gr1z7l1F1a2JGXSf9BWHs75s0UBOdCe'),
(26, 'Quando Ele', '727.606.233-35', 'qndele@gmail.com', '(61) 3332-1221', '25.00', 1, 'default_image.jpg', 1, '2018-02-21 00:11:45', '$2y$10$So42FM6LdPfTe9aExfvCg.gr1z7l1F1a2JGXSf9BWHs75s0UBOdCe'),
(30, 'Da Fazenda', '778.764.449-46', 'deladafazenda@gmail.com', '(61) 4556-1221', '1230.00', 1, 'default_image.jpg', 1, '2018-02-21 00:11:45', '$2y$10$So42FM6LdPfTe9aExfvCg.gr1z7l1F1a2JGXSf9BWHs75s0UBOdCe'),
(35, 'Lhe Deu', '587.716.446-52', 'pesado@gmail.com', '(61) 3132-1219', '0.00', 1, 'default_image.jpg', 1, '2018-02-21 00:11:45', '$2y$10$So42FM6LdPfTe9aExfvCg.gr1z7l1F1a2JGXSf9BWHs75s0UBOdCe'),
(36, 'Iziii', '658.057.422-41', 'inhegas@gmail.com', '(61) 3322-1331', '19.90', 1, 'default_image.jpg', 1, '2018-02-21 00:11:45', '$2y$10$So42FM6LdPfTe9aExfvCg.gr1z7l1F1a2JGXSf9BWHs75s0UBOdCe'),
(37, 'Pesadaum', '808.724.326-96', 'pesadaols@gmail.com', '(61) 3566-1221', '19.90', 1, 'default_image.jpg', 1, '2018-02-21 00:11:45', '$2y$10$So42FM6LdPfTe9aExfvCg.gr1z7l1F1a2JGXSf9BWHs75s0UBOdCe'),
(42, 'Do It', '715.535.493-76', 'ni@gmail.com', '(61) 9927-1759', '9999.93', 1, 'default_image.jpg', 1, '2018-02-21 00:11:45', '$2y$10$So42FM6LdPfTe9aExfvCg.gr1z7l1F1a2JGXSf9BWHs75s0UBOdCe'),
(43, 'Just Do It', '497.459.399-43', 'ke@gmail.com', '(61) 9927-1790', '999.93', 1, 'default_image.jpg', 1, '2018-02-21 00:11:45', '$2y$10$So42FM6LdPfTe9aExfvCg.gr1z7l1F1a2JGXSf9BWHs75s0UBOdCe'),
(46, 'Falta Pouco', '239.531.782-96', 'quaseporraaa@gmail.com', '(61) 6789-4690', '1234.56', 1, 'default_image.jpg', 1, '2018-02-21 00:11:45', '$2y$10$So42FM6LdPfTe9aExfvCg.gr1z7l1F1a2JGXSf9BWHs75s0UBOdCe'),
(51, 'Amanda Linda', '062.207.760-03', 'amanda@gmail.com', '(61) 7777-1919', '77.71', 1, 'default_image.jpg', 1, '2018-02-21 00:11:45', '$2y$10$So42FM6LdPfTe9aExfvCg.gr1z7l1F1a2JGXSf9BWHs75s0UBOdCe'),
(54, 'Lucas Anã', '110.258.650-14', 'pegoumesmo@gmail.com', '(61) 9687-3333', '57.73', 1, 'default_image.jpg', 1, '2018-02-21 00:11:45', '$2y$10$So42FM6LdPfTe9aExfvCg.gr1z7l1F1a2JGXSf9BWHs75s0UBOdCe'),
(57, 'Manuela Garrincha', '118.051.950-77', 'manugrr@gmail.com', '(61) 9687-4444', '33.73', 1, 'default_image.jpg', 1, '2018-02-21 00:11:45', '$2y$10$So42FM6LdPfTe9aExfvCg.gr1z7l1F1a2JGXSf9BWHs75s0UBOdCe'),
(62, 'Star Wars', '874.888.780-35', 'eusouseupai@gmail.com', '(61) 4545-5454', '54.45', 1, 'default_image.jpg', 1, '2018-02-21 00:11:45', '$2y$10$So42FM6LdPfTe9aExfvCg.gr1z7l1F1a2JGXSf9BWHs75s0UBOdCe'),
(63, 'Star Trek', '069.814.070-27', 'starwarsemelhor@gmail.com', '(61) 9682-7452', '7.73', 1, 'default_image.jpg', 1, '2018-02-21 00:11:45', '$2y$10$So42FM6LdPfTe9aExfvCg.gr1z7l1F1a2JGXSf9BWHs75s0UBOdCe'),
(64, 'Game Over', '998.499.720-09', 'deuruim@gmail.com', '(61) 9687-4791', '66.57', 1, 'default_image.jpg', 1, '2018-02-21 00:11:45', '$2y$10$So42FM6LdPfTe9aExfvCg.gr1z7l1F1a2JGXSf9BWHs75s0UBOdCe'),
(69, 'Mesut Ozil', '373.824.290-24', 'ozilmesut@gmail.com', '(61) 9687-7887', '100.25', 1, 'default_image.jpg', 1, '2018-02-21 00:11:45', '$2y$10$So42FM6LdPfTe9aExfvCg.gr1z7l1F1a2JGXSf9BWHs75s0UBOdCe'),
(72, 'Phelipe Coutinho', '518.478.100-55', '14barca@gmail.com', '(61) 1414-1414', '14.41', 1, 'default_image.jpg', 1, '2018-02-21 00:11:45', '$2y$10$So42FM6LdPfTe9aExfvCg.gr1z7l1F1a2JGXSf9BWHs75s0UBOdCe'),
(75, 'Marcos', '407.580.600-68', 'socram@gmail.com', '(61) 9687-7865', '77.20', 1, 'default_image.jpg', 1, '2018-02-21 00:11:45', '$2y$10$So42FM6LdPfTe9aExfvCg.gr1z7l1F1a2JGXSf9BWHs75s0UBOdCe'),
(79, 'Gray', '951.221.840-20', 'cinza@gmail.com', '(61) 5898-4690', '77.24', 1, 'default_image.jpg', 1, '2018-02-21 00:11:45', '$2y$10$So42FM6LdPfTe9aExfvCg.gr1z7l1F1a2JGXSf9BWHs75s0UBOdCe'),
(82, 'Red', '983.932.010-63', 'vermelho@gmail.com', '(61) 9687-9393', '80.27', 1, 'default_image.jpg', 1, '2018-02-21 00:11:45', '$2y$10$So42FM6LdPfTe9aExfvCg.gr1z7l1F1a2JGXSf9BWHs75s0UBOdCe'),
(93, 'Sasuke Uchira', '868.603.260-50', 'ninja2@gmail.com', '(61) 7212-4690', '12.73', 1, 'default_image.jpg', 1, '2018-02-21 00:11:45', '$2y$10$So42FM6LdPfTe9aExfvCg.gr1z7l1F1a2JGXSf9BWHs75s0UBOdCe'),
(94, 'Sakura', '084.098.620-34', 'ninja3@gmail.com', '(61) 9687-0202', '13.73', 1, 'default_image.jpg', 1, '2018-02-21 00:11:45', '$2y$10$So42FM6LdPfTe9aExfvCg.gr1z7l1F1a2JGXSf9BWHs75s0UBOdCe'),
(99, 'Tamo Junto', '003.748.890-23', 'enois@gmail.com', '(61) 9687-1025', '208.73', 1, 'default_image.jpg', 1, '2018-02-21 00:11:45', '$2y$10$So42FM6LdPfTe9aExfvCg.gr1z7l1F1a2JGXSf9BWHs75s0UBOdCe');



INSERT INTO `engne598_coincoin`.`estabelecimentos` (`id`, `tipo`, `status`) VALUES
(1,'Açougue',1),
(2,'Alfaiataria',1),
(3,'Antiquário',1),
(4,'Banca de jornal',1),
(5,'Bazar',1),
(6,'Cabeleireiro',1),
(7,'Coffeeshop',1),
(8,'Drogaria',1),
(9,'Farmácia',1),
(10,'Gráfica',1),
(11,'Loja',1),
(12,'Loja de brinquedos',1),
(13,'Papelaria',1),
(14,'Pet shop',1),
(15,'Posto de abastecimento',1),
(16,'Pub',1),
(17,'Quitanda',1),
(18,'Salão de beleza',1),
(19,'Sebo',1),
(20,'Sex shop',1),
(21,'Sorveteria',1),
(22,'Supermercado',1),
(23,'Tabacaria',1);

INSERT INTO `engne598_coincoin`.`loja`
(`usuarios_id`, `cnpj`, `nome_est`, `descricao`, `telefone_est`, `imagem_perfil`, `imagem_capa`, `promocao`, `estabelecimentos_id`, `lat`, `long`) VALUES
(3, '96.909.291/0001-04', 'Padaria Delícia', 'Testando a descrição.', '(61) 99999-9999', 'imagem.jpg', 'imagem.jpg', 16, 1, '-15.8762853', '-47.9973611'),
(6, '98.027.135/0001-45', 'Salão 3 Irmãos', 'Testando a descrição.', '(61) 99999-9999', 'imagem.jpg', 'imagem.jpg', 18, 2, '-15.836754', '-47.993249'),
(10, '34.350.582/0001-58', 'Taverna Nerd', 'Testando a descrição.', '(61) 99999-9999', 'imagem.jpg', 'imagem.jpg', 5, 3, '-15.84855081', '-48.13399685'),
(11, '84.931.707/0001-01', 'Posto Casa do Ouro', 'Testando a descrição.', '(61) 99999-9999', 'imagem.jpg', 'imagem.jpg', 7, 4, '-15.79402851', '-47.93329729'),
(15, '69.252.986/0001-93', 'Oficina Vira Lata', 'Testando a descrição.', '(61) 99999-9999', 'imagem.jpg', 'imagem.jpg', 9, 5, '-15.84027378', '-47.97621263'),
(17, '47.964.842/0001-27', 'Relojoaria Marques', 'Testando a descrição.', '(61) 99999-9999', 'imagem.jpg', 'imagem.jpg', 11, 6, '-15.86438318', '-47.88626207'),
(23, '16.127.942/0001-75', 'Mercearia do Seu Zé', 'Testando a descrição.', '(61) 99999-9999', 'imagem.jpg', 'imagem.jpg', 13, 7, '-15.7771794', '-47.89003862'),
(25, '41.738.467/0001-10', 'Loja de Games NOS', 'Testando a descrição.', '(61) 99999-9999', 'imagem.jpg', 'imagem.jpg', 15, 8, '-15.80460108', '-47.83270372'),
(26, '53.041.231/0001-00', 'Taverna Mina-San', 'Testando a descrição.', '(61) 99999-9999', 'imagem.jpg', 'imagem.jpg', 17, 9, '-15.71010074', '-47.91201128'),
(30, '62.542.287/0001-39', 'Bar dos Amigos', 'Testando a descrição.', '(61) 99999-9999', 'imagem.jpg', 'imagem.jpg', 19, 10, '-15.96084655', '-48.03555971'),
(35, '05.115.202/0001-00', 'Supermercado Joga 10', 'Testando a descrição.', '(61) 99999-9999', 'imagem.jpg', 'imagem.jpg', 21, 11, '-16.01918103', '-48.06791788'),
(36, '50.860.788/0001-84', 'Padaria Xibiu', 'Testando a descrição.', '(61) 99999-9999', 'imagem.jpg', 'imagem.jpg', 23, 12, '-16.03130784', '-48.04517275'),
(37, '33.952.731/0001-96', 'Salão Moda Fora', 'Testando a descrição.', '(61) 99999-9999', 'imagem.jpg', 'imagem.jpg', 25, 13, '-16.0350696', '-48.02172355'),
(42, '71.186.224/0001-88', 'Posto 229', 'Testando a descrição.', '(61) 99999-9999', 'imagem.jpg', 'imagem.jpg', 27, 14, '-15.95635102', '-47.99681312'),
(43, '67.662.409/0001-44', 'Oficina Casa do Carro', 'Testando a descrição.', '(61) 99999-9999', 'imagem.jpg', 'imagem.jpg', 29, 15, '-15.87093374', '-47.98676315'),
(46, '42.249.316/0001-61', 'Relojoaria B2', 'Testando a descrição.', '(61) 99999-9999', 'imagem.jpg', 'imagem.jpg', 31, 16, '-15.83479295', '-48.04600957'),
(51, '50.242.608/0001-09', 'Mercearia BRZUERA', 'Testando a descrição.', '(61) 99999-9999', 'imagem.jpg', 'imagem.jpg', 33, 17, '-15.84845883', '-48.05802545'),
(54, '64.016.069/0001-96', 'Casa do Macarrão', 'Testando a descrição.', '(61) 99999-9999', 'imagem.jpg', 'imagem.jpg', 35, 18, '-15.81874953', '-48.0425398'),
(57, '19.498.892/0001-20', 'Bar do José', 'Testando a descrição.', '(61) 99999-9999', 'imagem.jpg', 'imagem.jpg', 37, 19, '-15.83303539', '-48.02374323'),
(62, '04.105.742/0001-32', 'Casa de Carnes Miau', 'Testando a descrição.', '(61) 99999-9999', 'imagem.jpg', 'imagem.jpg', 39, 20, '-15.80172004', '-47.99686045'),
(63, '68.092.574/0001-70', 'Feira do Produtor', 'Testando a descrição.', '(61) 99999-9999', 'imagem.jpg', 'imagem.jpg', 41, 21, '-15.78544972', '-47.91044691'),
(64, '12.635.401/0001-05', 'Feira do Consumidor', 'Testando a descrição.', '(61) 99999-9999', 'imagem.jpg', 'imagem.jpg', 43, 22, '-15.77611641', '-47.89156416'),
(69, '71.153.754/0001-20', 'Posto do Descanso', 'Testando a descrição.', '(61) 99999-9999', 'imagem.jpg', 'imagem.jpg', 45, 23, '-15.7939731', '-47.8777016'),
(72, '64.160.354/0001-86', 'Casa do São Paulino', 'Testando a descrição.', '(61) 99999-9999', 'imagem.jpg', 'imagem.jpg', 2, 1, '-15.7881917', '-47.8581322'),
(75, '43.815.941/0001-96', 'Supermercado Tats', 'Testando a descrição.', '(61) 99999-9999', 'imagem.jpg', 'imagem.jpg', 4, 2, '-15.98254863', '-48.01590448'),
(79, '72.286.193/0001-08', 'Supermercado Souza', 'Testando a descrição.', '(61) 99999-9999', 'imagem.jpg', 'imagem.jpg', 6, 3, '-15.79554231', '-47.82502234'),
(82, '78.622.972/0001-05', 'Sacolão Sacola Grande', 'Testando a descrição.', '(61) 99999-9999', 'imagem.jpg', 'imagem.jpg', 8, 4, '-15.83699807', '-47.87330076'),
(93, '57.550.714/0001-90', 'Academia Birl', 'Testando a descrição.', '(61) 99999-9999', 'imagem.jpg', 'imagem.jpg', 10, 5, '-15.82911222', '-47.85660669'),
(94, '50.363.011/0001-04', 'Academia Massa Magra', 'Testando a descrição.', '(61) 99999-9999', 'imagem.jpg', 'imagem.jpg', 12, 6, '-15.82996518', '-47.82064105'),
(99, '58.502.823/0001-03', 'Ballet do 24', 'Testando a descrição.', '(61) 99999-9999', 'imagem.jpg', 'imagem.jpg', 14, 7, '-16.03394759', '-48.06834703');